,Code,Date,Close,Amount,North,PE,MainForce,MainForceRatio,rev_yoy,profit_yoy
0,600459.SH,20220609,17.78,11543.4424,1.36,27.1508,481.9500000000002,0.0417509771608511,-0.17,11.78
1,600459.SH,20220608,18.08,16796.1253,1.45,27.6089,417.5600000000001,0.024860495652530058,-0.17,11.78
2,600459.SH,20220607,18.28,16791.3475,1.47,27.9143,1157.8400000000001,0.06895456127032093,-0.17,11.78
3,600459.SH,20220527,17.2,9607.657799999999,1.1,26.2651,136.6699999999999,0.014225111139990844,-0.17,11.78
4,600459.SH,20220523,18.16,11847.2704,1.06,27.731,490.26999999999987,0.04138252808005462,-0.17,11.78
5,600459.SH,20220519,17.400000000000002,10059.2902,1.11,26.5705,-359.61,-0.03574904320783986,-0.17,11.78
6,600459.SH,20220513,17.04,6557.2694,0.9,26.0208,-1146.67,-0.17487004575410614,-0.17,11.78
7,600459.SH,20220512,17.04,8152.9587,0.9,26.0208,-975.4,-0.11963754949476194,-0.17,11.78
8,600459.SH,20220506,16.48,6848.272,0.83,25.1656,-235.27000000000004,-0.03435465180121351,-0.17,11.78
9,600459.SH,20220505,16.950000000000003,8983.2435,0.83,25.8833,-54.010000000000076,-0.006012305021009402,-0.17,11.78
10,600459.SH,20220428,15.6,12502.1731,0.77,23.8218,-45.480000000000246,-0.0036377675813815315,-0.17,11.78
11,600459.SH,20220427,15.47,12851.7918,0.81,23.6233,272.3499999999998,0.021191597579412996,25.67,18.71
12,600459.SH,20220426,14.6,9824.2254,0.75,22.2948,-1071.05,-0.10902131785372107,25.67,18.71
13,600459.SH,20220425,15.17,13934.213099999999,0.74,23.1652,-919.9799999999999,-0.06602310395267315,25.67,18.71
14,600459.SH,20220422,16.57,5444.9237,0.71,25.303,360.87,0.06627641081545367,25.67,18.71
15,600459.SH,20220414,19.9,5251.546,0.65,36.0723,-258.80999999999995,-0.04928263029591665,43.23,17.64
16,600459.SH,20220413,19.86,8091.902899999999,0.65,35.9998,-430.8200000000001,-0.053240876135575,43.23,17.64
17,600459.SH,20220412,19.51,8209.1917,0.54,35.3654,282.3500000000001,0.034394372834538646,43.23,17.64
18,600459.SH,20220331,20.4,7385.2043,0.45,36.9787,801.19,0.10848582753492683,43.23,17.64
19,600459.SH,20220330,20.84,7040.806600000001,0.48,37.7762,19.329999999999927,0.002745424082519171,43.23,17.64
20,600459.SH,20220329,20.46,9776.5059,0.46,37.0874,-1178.4199999999998,-0.12053590639166901,43.23,17.64
21,600459.SH,20220324,21.72,7215.3609,0.41,39.3714,411.71000000000015,0.057060208866336844,43.23,17.64
22,600459.SH,20220321,21.79,7247.8155,0.47,39.4983,-174.16000000000003,-0.024029309244971816,43.23,17.64
23,600459.SH,20220318,21.62,8082.7596,0.46,39.1901,-675.03,-0.0835147936355796,43.23,17.64
24,600459.SH,20220317,21.57,12951.2209,0.44,39.0995,-373.1500000000002,-0.028811955481355445,43.23,17.64
25,600459.SH,20220316,21.38,10588.0276,0.4,38.7551,285.5300000000001,0.026967251199836322,43.23,17.64
26,600459.SH,20220315,21.05,15015.830600000001,0.43,38.1569,160.8599999999999,0.010712694108309925,43.23,17.64
27,600459.SH,20220224,26.35,41047.6956,0.52,47.7641,2667.99,0.06499731497716524,43.23,17.64
28,600459.SH,20220222,25.5,22037.527,0.45,46.2233,-638.5200000000009,-0.02897421294140676,43.23,17.64
29,600459.SH,20220221,24.89,9534.006,0.45,45.1176,-889.9600000000003,-0.09334586112070838,43.23,17.64
30,600459.SH,20220214,24.74,11766.543300000001,0.44,44.8457,-886.93,-0.0753772775391053,43.23,17.64
31,600459.SH,20220211,24.43,8782.6651,0.42,44.2838,-758.21,-0.08633028714712121,43.23,17.64
32,600459.SH,20220209,24.84,12315.447400000001,0.45,45.027,-1015.59,-0.08246472637283157,43.23,17.64
33,600459.SH,20220126,24.37,9389.2243,0.42,44.175,88.35000000000014,0.009409723016202748,43.23,17.64
34,600459.SH,20220121,24.68,13852.352499999999,0.41,44.7369,-724.18,-0.0522784848277576,43.23,17.64
35,600459.SH,20220120,24.87,17332.4129,0.42,45.0813,1027.27,0.059268724206310595,43.23,17.64
36,600459.SH,20220113,23.87,15282.242199999999,0.52,43.2687,-894.0700000000002,-0.05850384965106758,43.23,17.64
37,600459.SH,20220112,23.97,16266.479199999998,0.52,43.4499,560.9599999999999,0.03448564333454531,43.23,17.64
38,600459.SH,20220110,23.32,10251.1686,0.49,42.2717,591.9599999999998,0.05774561155886167,43.23,17.64
39,600459.SH,20220106,23.84,9605.6023,0.48,43.2143,-527.4099999999999,-0.05490649972048081,43.23,17.64
40,600459.SH,20220105,23.78,16766.5875,0.46,43.1055,-1844.94,-0.11003670245957921,43.23,17.64
41,600459.SH,20211221,24.58,11554.8208,0.51,42.8872,-916.9799999999997,-0.07935908447840227,43.23,17.64
42,600459.SH,20211220,24.540000000000003,20241.6286,0.51,42.8175,-2128.7699999999995,-0.10516792112271042,43.23,17.64
43,600459.SH,20211217,25.34,19956.8054,0.49,44.2133,-646.1000000000004,-0.0323749210883221,43.23,17.64
44,600459.SH,20211215,25.6,18011.4445,0.53,44.6669,441.14,0.024492205497454685,43.23,17.64
45,600459.SH,20211208,26.7,21950.1378,0.68,46.5862,-1914.3500000000006,-0.08721357548835072,43.23,17.64
46,600459.SH,20211207,26.94,27597.720400000002,0.64,47.005,-3787.4000000000005,-0.13723597257692344,43.23,17.64
47,600459.SH,20211203,27.74,24654.0489,0.62,48.4008,1020.1699999999996,0.04137941009762496,43.23,17.64
48,600459.SH,20211201,27.54,55698.5184,0.62,48.0519,6538.2,0.11738552815796263,43.23,17.64
49,600459.SH,20211125,26.4,18464.8652,0.58,46.0628,-826.8399999999997,-0.044779097547920345,43.23,17.64
50,600459.SH,20211116,23.87,12005.2458,0.39,41.6484,-327.67,-0.027293901804159644,43.23,17.64
51,600459.SH,20211103,24.15,19567.769,0.53,42.137,1013.8599999999997,0.05181275392202349,43.23,17.64
52,600459.SH,20211102,23.65,32489.279300000002,0.57,41.2646,-2808.2,-0.08643466584991313,43.23,17.64
53,600459.SH,20211025,22.76,20060.3677,0.49,39.7117,-53.719999999999686,-0.0026779170154493073,43.23,17.64
54,600459.SH,20211020,21.99,35165.4153,0.66,38.3682,-5007.279999999999,-0.14239217587172925,60.87,41.31
55,600459.SH,20211019,23.14,19067.373,0.67,40.3747,835.3099999999998,0.043808342135017754,60.87,41.31
56,600459.SH,20210930,22.58,22002.228,0.81,39.3976,-2316.4900000000007,-0.10528433756799542,60.87,41.31
57,600459.SH,20210924,24.0,19897.408499999998,0.79,41.8753,-2638.1100000000006,-0.13258560781922937,60.87,41.31
58,600459.SH,20210917,25.25,28208.1724,0.78,44.0563,-4542.3099999999995,-0.16102815650687102,60.87,41.31
59,600459.SH,20210916,25.73,35051.6192,0.78,44.8938,-3532.9900000000007,-0.10079391710383527,60.87,41.31
60,600459.SH,20210915,26.84,33850.1443,0.84,46.8305,-4146.760000000001,-0.12250346596011412,60.87,41.31
61,600459.SH,20210909,28.24,29440.044799999996,0.97,49.2732,284.6100000000001,0.009667444527801812,60.87,41.31
62,600459.SH,20210907,28.15,31091.8483,0.97,49.1162,-677.0999999999995,-0.02177741231292446,60.87,41.31
63,600459.SH,20210903,27.96,41602.3165,0.95,48.7847,-4475.58,-0.10758006708592777,60.87,41.31
64,600459.SH,20210901,28.81,76002.18059999999,1.0,50.2678,-2350.789999999998,-0.03093055990554037,60.87,41.31
65,600459.SH,20210831,30.55,56885.86260000001,1.13,53.3037,-1043.4699999999993,-0.018343221888666574,60.87,41.31
66,600459.SH,20210830,30.23,71863.229,1.12,52.7454,-4461.520000000002,-0.06208348917914615,60.87,41.31
67,600459.SH,20210827,30.42,86449.82680000001,1.26,53.0769,-1292.869999999998,-0.014955148527839478,60.87,41.31
68,600459.SH,20210825,28.68,86967.9377,1.12,50.0409,-845.0799999999981,-0.00971714429880057,60.87,41.31
69,600459.SH,20210824,29.63,65914.4259,1.37,51.6985,-6516.69,-0.09886591457060691,71.5,25.87
70,600459.SH,20210819,27.94,48964.2774,1.15,48.7498,-4435.36,-0.09058358941492313,71.5,25.87
71,600459.SH,20210818,27.9,74152.9802,0.88,48.68,-4430.76,-0.05975161063047874,71.5,25.87
72,600459.SH,20210816,29.130000000000003,51623.7877,0.96,50.8261,-1174.4499999999994,-0.022750171041788926,71.5,25.87
73,600459.SH,20210812,28.75,66123.3703,1.28,50.1631,2351.729999999999,0.035565791479325114,71.5,25.87
74,600459.SH,20210811,28.28,45422.1283,1.41,49.343,-564.1600000000008,-0.012420377932841179,71.5,25.87
75,600459.SH,20210806,28.55,60363.908299999996,1.76,49.8141,-760.8099999999986,-0.012603723341087884,71.5,25.87
76,600459.SH,20210802,27.540000000000003,51138.7866,1.8,48.0519,-8170.3099999999995,-0.15976738094916001,71.5,25.87
77,600459.SH,20210728,26.3,61088.9686,1.58,45.8883,-5061.68,-0.08285751283743233,71.5,25.87
78,600459.SH,20210726,29.55,60718.8509,1.32,51.5589,-6858.17,-0.11294960129095592,71.5,25.87
79,600459.SH,20210722,30.14,57673.1012,1.11,52.5883,-2977.5200000000004,-0.051627534119840265,71.5,25.87
80,600459.SH,20210721,29.96,70494.16990000001,1.2,52.2743,10089.85,0.1431302760825899,71.5,25.87
81,600459.SH,20210715,25.450000000000003,26334.933299999997,0.97,44.4052,-904.5400000000004,-0.034347533357906794,71.5,25.87
82,600459.SH,20210713,26.61,32497.8022,0.95,46.4292,314.49000000000024,0.009677269806264014,71.5,25.87
83,600459.SH,20210706,24.16,23359.701999999997,0.64,42.1544,-484.01999999999964,-0.020720298572301978,71.5,25.87
84,600459.SH,20210630,24.6,43312.6979,0.76,42.9221,-2304.42,-0.05320425906787026,71.5,25.87
85,600459.SH,20210629,23.17,23795.1768,0.76,40.4271,576.8,0.024240206527904425,71.5,25.87
86,600459.SH,20210628,23.85,39106.9869,0.85,41.6135,2367.6699999999996,0.06054340126111837,71.5,25.87
87,600459.SH,20210625,23.06,30980.095299999997,0.81,40.2351,1801.74,0.058157987654737786,71.5,25.87
88,600459.SH,20210623,22.92,39708.163,1.35,39.9909,-2349.6600000000003,-0.05917322339993417,71.5,25.87
89,600459.SH,20210622,22.92,47642.8886,1.59,39.9909,2646.6599999999994,0.05555204727867822,71.5,25.87
90,600459.SH,20210618,30.25,22956.0802,1.65,40.6002,-1052.1500000000005,-0.04583317320872579,71.5,25.87
91,600459.SH,20210603,33.75,68753.0414,2.17,45.2978,9347.960000000003,0.1359643124093126,71.5,25.87
92,600459.SH,20210601,30.82,48153.3669,1.98,41.3652,-3329.54,-0.06914449008133634,71.5,25.87
93,600459.SH,20210525,30.3,92194.2252,1.34,40.6673,-9271.640000000001,-0.10056638558311785,71.5,25.87
94,600459.SH,20210524,28.49,52519.049399999996,0.84,38.238,11114.91,0.21163578029270272,71.5,25.87
95,600459.SH,20210518,25.94,22102.5556,0.7,34.8155,3403.5299999999997,0.15398807547847543,71.5,25.87
96,600459.SH,20210513,25.56,19449.5791,0.84,34.3055,303.89000000000044,0.015624502640265386,71.5,25.87
97,600459.SH,20210512,25.58,14284.6926,0.91,34.3323,-1382.09,-0.09675321959675912,71.5,25.87
98,600459.SH,20210511,25.58,28196.046299999998,0.91,34.3323,-1906.6700000000003,-0.06762189208066383,71.5,25.87
99,600459.SH,20210510,26.0,21918.278299999998,0.94,34.896,1021.8999999999996,0.04662318755209891,71.5,25.87
100,600459.SH,20210430,25.43,18213.9014,1.2,34.131,-2562.15,-0.14067002690593242,71.5,25.87
101,600459.SH,20210421,22.33,7212.6819000000005,0.5,29.9703,-97.82999999999993,-0.013563609397497471,35.46,40.41
102,600459.SH,20210416,21.85,9341.7989,0.4,29.3261,-391.25000000000017,-0.04188165514888146,35.46,40.41
103,600459.SH,20210414,21.33,5990.1701,0.43,40.198,-216.5100000000001,-0.036144215670937306,13.66,83.11
104,600459.SH,20210409,22.06,10535.9667,0.41,41.5737,-770.3499999999999,-0.07311621438590916,13.66,83.11
105,600459.SH,20210401,21.15,5006.4343,0.38,39.8587,-375.38,-0.07497951186536095,13.66,83.11
106,600459.SH,20210330,21.380000000000003,7694.2217,0.43,40.2922,-710.6000000000003,-0.09235502013153589,13.66,83.11
107,600459.SH,20210329,21.26,6703.6701,0.38,40.066,-131.42999999999984,-0.01960567838802208,13.66,83.11
108,600459.SH,20210324,21.1,6562.5073999999995,0.37,39.7645,-849.03,-0.1293758541133226,13.66,83.11
109,600459.SH,20210323,21.17,8531.8446,0.38,39.8964,-927.3,-0.10868693037376699,13.66,83.11
110,600459.SH,20210322,21.61,6951.285400000001,0.51,40.7256,-746.6800000000001,-0.10741610465310487,13.66,83.11
111,600459.SH,20210315,21.84,7297.0314,0.53,41.1591,-298.2299999999998,-0.040870044769164594,13.66,83.11
112,600459.SH,20210305,22.58,13081.1628,0.64,42.5537,-1360.52,-0.10400604447794197,13.66,83.11
113,600459.SH,20210301,22.92,17999.0223,0.87,43.1944,-726.3200000000002,-0.040353302968017334,13.66,83.11
114,600459.SH,20210224,24.0,32906.793699999995,1.02,45.2298,-8636.93,-0.2624664705634934,13.66,83.11
115,600459.SH,20210223,24.75,36502.447499999995,0.9,46.6432,-2872.1900000000014,-0.07868486078912933,13.66,83.11
116,600459.SH,20210203,21.4,12061.1325,0.68,40.3299,-1839.5299999999995,-0.15251718692253813,13.66,83.11
117,600459.SH,20210202,22.14,10290.9236,0.67,41.7245,-1252.71,-0.12172959869219124,13.66,83.11
118,600459.SH,20210201,22.19,11004.833,0.66,41.8187,664.4300000000003,0.0603762001658726,13.66,83.11
119,600459.SH,20210127,22.87,11253.1837,0.65,43.1002,-1602.03,-0.14236237874620317,13.66,83.11
120,600459.SH,20210122,24.55,35717.8016,0.66,46.2663,4976.299999999999,0.13932268440619816,13.66,83.11
121,600459.SH,20210121,23.62,26839.637199999997,0.65,44.5136,-1422.5200000000002,-0.05300071641802969,13.66,83.11
122,600459.SH,20210114,22.9,22770.5649,0.68,43.1567,-4267.749999999999,-0.1874239843737912,13.66,83.11
123,600459.SH,20210111,23.24,39420.135800000004,0.7,43.7975,-6217.780000000001,-0.15773106494473316,13.66,83.11
124,600459.SH,20210107,25.6,42069.6143,0.68,48.2451,-5101.68,-0.12126757244836447,13.66,83.11
125,600459.SH,20210106,25.62,41060.8843,0.58,48.2828,-5346.299999999999,-0.1302042099468374,13.66,83.11
126,600459.SH,20201224,26.49,39644.1372,1.08,49.9224,-1867.710000000001,-0.04711188417539835,13.66,83.11
127,600459.SH,20201223,26.48,66008.2359,1.08,49.9035,5050.39,0.07651151301257546,13.66,83.11
128,600459.SH,20201222,24.47,33938.143800000005,0.52,46.1155,-5770.540000000001,-0.17003110229027907,13.66,83.11
129,600459.SH,20201221,25.630000000000003,34606.463299999996,0.5,48.3016,3712.6800000000003,0.10728284967507791,13.66,83.11
130,600459.SH,20201210,24.8,38739.1878,0.44,46.7374,-3817.419999999999,-0.09854156002723422,13.66,83.11
131,600459.SH,20201127,25.01,36105.6278,0.51,47.1332,-6316.68,-0.17495001153255116,13.66,83.11
132,600459.SH,20201125,26.01,63049.9629,0.47,49.0178,-5708.250000000001,-0.09053534272579249,13.66,83.11
133,600459.SH,20201113,23.39,40309.4321,0.97,44.0802,2020.6799999999987,0.05012921032941069,13.66,83.11
134,600459.SH,20201106,22.5,21474.2428,0.97,42.4029,438.17999999999955,0.020404910388737877,13.66,83.11
135,600459.SH,20201105,22.52,16857.4208,1.04,42.4406,-1072.9600000000003,-0.06364912003620389,13.66,83.11
136,600459.SH,20201103,22.28,21085.9398,1.05,41.9883,419.58999999999924,0.019899041919867345,13.66,83.11
137,600459.SH,20201023,21.84,18841.5714,1.01,41.1591,-3412.44,-0.1811122823863831,5.18,94.69
138,600459.SH,20201022,22.9,10243.1407,1.01,43.1567,-1733.89,-0.16927327767742173,5.18,94.69
139,600459.SH,20201021,23.09,12753.750100000001,1.02,43.5148,-920.1899999999999,-0.07215054339193927,5.18,94.69
140,600459.SH,20201020,23.4,13193.616899999999,1.08,44.099,-231.08000000000004,-0.017514530075524632,5.18,94.69
141,600459.SH,20201012,23.74,42253.3727,1.5,44.7398,4917.959999999999,0.1163921288583905,5.18,94.69
142,600459.SH,20201009,23.03,32597.8104,1.78,43.4017,3725.9000000000005,0.11429908801481957,5.18,94.69
143,600459.SH,20200924,21.27,19624.953400000002,1.95,40.0849,-2539.0699999999997,-0.12937967027223612,5.18,94.69
144,600459.SH,20200923,22.16,18860.918100000003,2.26,41.7622,1442.059999999999,0.07645757180823551,5.18,94.69
145,600459.SH,20200914,21.46,17308.374499999998,2.31,40.443,-1477.4,-0.08535752447464089,5.18,94.69
146,600459.SH,20200910,21.1,16699.1207,2.19,39.7645,-1944.07,-0.1164175069409493,5.18,94.69
147,600459.SH,20200907,22.67,18923.5829,2.21,42.7233,-2914.62,-0.1540205158506215,5.18,94.69
148,600459.SH,20200904,23.25,13214.6383,2.23,43.8163,-2186.94,-0.16549374643118306,5.18,94.69
149,600459.SH,20200901,24.200000000000003,21600.094,2.2,45.6067,-2103.5299999999997,-0.09738522434207923,5.18,94.69
150,600459.SH,20200831,24.31,37930.5368,2.23,45.814,6246.910000000001,0.16469342453387056,5.18,94.69
151,600459.SH,20200828,23.73,18921.6223,2.21,44.7209,482.4599999999998,0.02549781368376642,5.18,94.69
152,600459.SH,20200819,27.32,57894.085900000005,2.9,51.4866,-3947.4,-0.06818313025648791,2.34,318.37
153,600459.SH,20200813,24.06,25153.033799999997,2.6,45.3428,100.19000000000051,0.003983217324663259,2.34,318.37
154,600459.SH,20200731,26.27,58925.892799999994,3.15,49.5078,-6275.480000000001,-0.10649783485333976,2.34,318.37
155,600459.SH,20200722,26.7,74247.073,3.97,50.3181,567.2099999999991,0.0076394930746966835,2.34,318.37
156,600459.SH,20200721,26.14,55325.702399999995,4.41,49.2628,-7735.330000000001,-0.13981440206713042,2.34,318.37
157,600459.SH,20200717,25.42,55018.34300000001,4.64,47.9059,-3381.7500000000005,-0.06146586421186839,2.34,318.37
158,600459.SH,20200716,25.41,87643.2215,4.78,47.887,-13166.89,-0.15023283917056837,2.34,318.37
159,600459.SH,20200713,32.17,84985.3614,5.55,60.6267,918.2800000000007,0.010805154968723835,2.34,318.37
160,600459.SH,20200709,30.38,77968.2009,4.98,57.2534,-5417.150000000001,-0.06947896626405292,2.34,318.37
161,600459.SH,20200706,29.15,73355.54980000001,5.63,54.9353,-1678.7600000000011,-0.022885248690481506,2.34,318.37
162,600459.SH,20200703,28.78,46566.7267,5.66,54.238,-5847.560000000001,-0.12557378227746469,2.34,318.37
163,600459.SH,20200629,29.5,83373.99620000001,5.59,55.5949,-2680.4799999999996,-0.032150072230794656,2.34,318.37
164,600459.SH,20200623,28.04,64914.5633,4.92,52.8435,7290.890000000001,0.11231516672623139,2.34,318.37
165,600459.SH,20200622,27.6,65579.1372,5.49,52.0142,-3928.0199999999995,-0.059897402858786,2.34,318.37
166,600459.SH,20200610,23.37,45395.7984,3.4,44.0425,1862.6200000000008,0.0410306694815175,2.34,318.37
167,600459.SH,20200609,23.21,46519.225900000005,3.61,43.741,-1738.7499999999995,-0.037377019207879794,2.34,318.37
168,600459.SH,20200608,23.19,89935.6676,3.7,43.7033,-13749.72,-0.15288394879274794,2.34,318.37
169,600459.SH,20200603,24.81,86713.4147,2.45,46.7563,256.380000000001,0.0029566359586575136,2.34,318.37
170,600459.SH,20200529,23.64,133664.2986,2.6,44.5513,13677.589999999997,0.1023279225885976,2.34,318.37
171,600459.SH,20200522,21.65,79062.2493,2.08,40.801,-7735.229999999996,-0.09783721141867383,2.34,318.37
172,600459.SH,20200519,22.67,136683.2081,2.3,42.7233,-9096.810000000001,-0.06655396903871766,2.34,318.37
173,600459.SH,20200515,19.27,65003.3159,1.8,36.3157,5810.120000000002,0.08938190182387298,2.34,318.37
174,600459.SH,20200511,18.15,64711.524600000004,2.16,34.205,-540.7999999999993,-0.008357089457292731,2.34,318.37
175,600459.SH,20200508,18.0,75666.7086,2.04,33.9223,-1343.9800000000005,-0.017761840376918425,2.34,318.37
176,600459.SH,20200506,17.2,114580.09909999999,0.78,32.4147,-3267.640000000003,-0.028518390415670388,2.34,318.37
177,600459.SH,20200427,13.69,15183.219200000001,0.61,25.7998,-1526.94,-0.10056760558393307,25.07,47.8
178,600459.SH,20200422,14.03,13192.208799999999,0.55,26.4406,-113.54999999999984,-0.008607353152263618,25.07,47.8
179,600459.SH,20200414,14.24,12794.8114,1.05,39.6639,528.2500000000002,0.04128626702539751,25.43,31.77
180,600459.SH,20200403,13.65,8925.7155,0.82,38.0205,-1027.55,-0.11512242351887643,25.43,31.77
181,600459.SH,20200324,13.75,22181.2364,0.86,38.299,968.9299999999994,0.0436824161884862,25.43,31.77
182,600459.SH,20200323,13.02,12269.3899,0.67,36.2657,-1169.5,-0.09531851294415218,25.43,31.77
183,600459.SH,20200319,13.5,14473.9668,0.81,37.6027,-352.69000000000005,-0.024367196973258225,25.43,31.77
184,600459.SH,20200318,13.2,16955.7583,0.77,36.7671,-3191.62,-0.18823221843165808,25.43,31.77
185,600459.SH,20200226,16.88,38231.0232,2.62,47.0173,-6739.94,-0.1762950461655444,25.43,31.77
186,600459.SH,20200217,17.4,66570.24889999999,1.14,48.4657,-1709.3700000000008,-0.025677686778184796,25.43,31.77
187,600459.SH,20200214,17.07,86144.9215,0.83,47.5465,-3607.540000000001,-0.04187757022913999,25.43,31.77
188,600459.SH,20200211,14.58,18508.2209,0.59,40.6109,-578.6000000000003,-0.03126178378387521,25.43,31.77
189,600459.SH,20200210,14.59,20264.619599999998,0.51,40.6388,1141.72,0.05634055918819222,25.43,31.77
190,600459.SH,20200207,14.010000000000002,17903.2002,0.48,39.0232,676.6800000000001,0.037796594599886116,25.43,31.77
191,600459.SH,20200205,13.23,14099.344099999998,0.41,36.8506,-619.8600000000004,-0.04396374722140446,25.43,31.77
192,600459.SH,20200203,13.32,2572.4916000000003,0.51,37.1013,-1374.56,-0.534330218998577,25.43,31.77
193,600459.SH,20200123,14.8,18550.966699999997,0.51,41.2237,-4260.55,-0.22966727658456745,25.43,31.77
194,600459.SH,20200122,15.56,18849.0884,0.49,43.3406,-1312.67,-0.06964103367460465,25.43,31.77
195,600459.SH,20200121,15.840000000000002,24153.2765,0.71,44.1205,-4589.48,-0.19001479985541506,25.43,31.77
196,600459.SH,20200116,15.79,21925.1607,0.51,43.9812,1528.9599999999991,0.06973540677400823,25.43,31.77
197,600459.SH,20200107,16.13,23743.1216,0.39,44.9283,-2637.7000000000003,-0.1110932271011913,25.43,31.77
198,600459.SH,20191230,15.4,15922.969399999998,0.49,42.8949,-292.93000000000006,-0.018396694274875645,25.43,31.77
199,600459.SH,20191220,14.56,9004.466499999999,0.58,40.5552,-681.7099999999998,-0.07570798336581072,25.43,31.77
200,600459.SH,20191212,14.41,9958.330100000001,0.52,40.1374,-731.4699999999998,-0.07345307824250571,25.43,31.77
201,600459.SH,20191211,14.51,11792.0326,0.53,40.4159,-435.46000000000004,-0.03692832396002704,25.43,31.77
202,600459.SH,20191205,14.169999999999998,9148.978299999999,0.65,39.4689,180.2799999999998,0.019704932516890965,25.43,31.77
203,600459.SH,20191129,13.6,4138.6875,0.5,37.8812,-301.2800000000001,-0.07279602530995638,25.43,31.77
204,600459.SH,20191126,13.75,4145.5134,0.48,38.299,-217.31,-0.052420527696280035,25.43,31.77
205,600459.SH,20191122,13.51,6079.324,0.47,37.6305,-388.7099999999999,-0.0639396748717456,25.43,31.77
206,600459.SH,20191121,13.73,4603.124900000001,0.46,38.2433,-172.47,-0.03746802525388785,25.43,31.77
207,600459.SH,20191111,14.1,11714.0069,0.28,39.2739,-1976.4199999999998,-0.16872279629611622,25.43,31.77
208,600459.SH,20191105,15.07,8897.3332,0.33,41.9757,-543.4700000000001,-0.061082347685933604,25.43,31.77
209,600459.SH,20191030,15.25,11350.296400000001,0.29,42.4771,-331.9100000000002,-0.02924240815420469,25.43,31.77
210,600459.SH,20191023,15.07,4805.0699,0.32,41.9757,-568.4600000000002,-0.11830421030919865,20.1,47.77
211,600459.SH,20191022,15.15,4614.2372000000005,0.29,42.1986,-41.97999999999996,-0.009097928472337737,20.1,47.77
212,600459.SH,20191015,15.44,6397.8536,0.28,43.0063,-796.29,-0.12446205396134727,20.1,47.77
213,600459.SH,20191011,15.38,6835.9845000000005,0.32,42.8392,-265.99000000000007,-0.0389102696180777,20.1,47.77
214,600459.SH,20191009,15.43,6470.5293,0.39,42.9785,412.1299999999999,0.06369339831287062,20.1,47.77
215,600459.SH,20190923,16.59,17973.3524,0.42,46.2095,-1568.8200000000004,-0.08728588663292444,20.1,47.77
216,600459.SH,20190919,16.36,10466.6665,0.3,45.5689,-197.91000000000005,-0.018908599027207,20.1,47.77
217,600459.SH,20190917,16.41,21558.1861,0.28,45.7082,-2433.9700000000003,-0.11290235591759737,20.1,47.77
218,600459.SH,20190916,17.07,16681.0489,0.34,47.5465,-1056.7399999999996,-0.06334973336119167,20.1,47.77
219,600459.SH,20190912,17.02,17484.461199999998,0.36,47.4072,-3377.7400000000002,-0.19318524954031757,20.1,47.77
220,600459.SH,20190911,17.27,30180.715399999997,0.56,48.1036,2913.079999999999,0.09652123753169878,20.1,47.77
221,600459.SH,20190905,17.04,36211.553700000004,0.4,47.463,-1998.08,-0.05517796934518167,20.1,47.77
222,600459.SH,20190829,16.2,24698.452299999997,0.37,45.1232,-265.72999999999956,-0.010758973751565785,20.1,47.77
223,600459.SH,20190816,15.18,12565.6459,0.45,42.2821,-1158.31,-0.09218069721350336,28.48,62.26
224,600459.SH,20190814,15.37,13362.6977,0.49,42.8114,-128.49999999999997,-0.00961632171024867,28.48,62.26
225,600459.SH,20190813,15.47,17080.6896,0.46,43.0899,184.69000000000005,0.010812795286672738,28.48,62.26
226,600459.SH,20190802,16.09,17697.2267,0.46,44.8168,-2814.0,-0.15900796479032503,28.48,62.26
227,600459.SH,20190731,16.18,8700.1597,0.39,45.0675,-263.7999999999999,-0.03032128249323974,28.48,62.26
228,600459.SH,20190730,16.38,15661.3949,0.42,45.6246,1560.79,0.09965842825405034,28.48,62.26
229,600459.SH,20190725,16.29,9476.8578,0.29,45.3739,-171.76,-0.018124150812941393,28.48,62.26
230,600459.SH,20190719,17.14,22809.9748,0.26,47.7415,626.5700000000005,0.0274691228505873,28.48,62.26
231,600459.SH,20190718,17.02,23001.374,0.27,47.4072,146.8800000000001,0.006385705480029155,28.48,62.26
232,600459.SH,20190715,16.99,16386.663099999998,0.38,47.3237,-386.5400000000002,-0.02358869512609924,28.48,62.26
233,600459.SH,20190712,16.790000000000003,10937.2353,0.38,46.7666,-673.4699999999999,-0.061575890206915444,28.48,62.26
234,600459.SH,20190708,16.849999999999998,35523.8762,0.23,46.9337,-7090.900000000001,-0.19960941086716208,28.48,62.26
235,600459.SH,20190704,18.03,25885.6345,0.27,50.2205,-4427.799999999999,-0.17105240360246912,28.48,62.26
236,600459.SH,20190628,18.07,36699.784499999994,0.37,50.3319,-3217.7499999999995,-0.08767762655391069,28.48,62.26
237,600459.SH,20190625,19.78,101919.3212,0.35,55.0949,2939.229999999996,0.02883879097106855,28.48,62.26
238,600459.SH,20190618,18.65,105012.82220000001,0.25,51.9474,-19026.489999999998,-0.1811825413449368,28.48,62.26
239,600459.SH,20190614,17.349999999999998,52775.4294,0.27,48.3264,-8456.85,-0.16024218270027,28.48,62.26
240,600459.SH,20190613,18.33,67751.1474,0.41,51.0561,1543.3900000000003,0.022780278404554374,28.48,62.26
241,600459.SH,20190612,17.61,69797.67120000001,0.44,49.0506,-4586.65,-0.06571351051036212,28.48,62.26
242,600459.SH,20190610,16.48,25704.4242,0.37,45.9031,698.4199999999998,0.02717119802279017,28.48,62.26
243,600459.SH,20190603,16.599999999999998,30143.362,0.25,46.2374,-3761.2699999999986,-0.12477937928755255,28.48,62.26
244,600459.SH,20190528,16.68,35578.9418,0.31,46.4602,-1635.2899999999988,-0.045962300092916165,28.48,62.26
245,600459.SH,20190522,16.32,30562.159200000002,0.51,45.4575,-3181.0,-0.10408296021179027,28.48,62.26
246,600459.SH,20190521,16.6,40415.652,0.36,46.2374,-1068.7500000000007,-0.026443962848848774,28.48,62.26
247,600459.SH,20190520,15.78,32457.221899999997,0.36,43.9534,-1645.4099999999996,-0.050694726895279964,28.48,62.26
248,600459.SH,20190516,17.68,71743.01580000001,0.31,49.2456,-5843.840000000002,-0.08145517629605976,28.48,62.26
249,600459.SH,20190515,17.1,50513.0012,0.42,47.6301,3376.4100000000017,0.0668423954187858,28.48,62.26
250,600459.SH,20190510,16.84,54056.706000000006,0.5,46.9059,990.0599999999995,0.018315211437411657,28.48,62.26
251,600459.SH,20190426,19.03,57467.2299,0.82,53.0059,-757.4000000000005,-0.013179685210475066,10.57,31.69
252,600459.SH,20190424,20.38,85042.9667,0.64,56.7661,-4537.5,-0.05335538229759334,10.57,31.69
253,600459.SH,20190416,20.06,105649.5027,0.56,55.8748,11381.130000000001,0.10772535325904568,10.57,31.69
254,600459.SH,20190409,16.96,38603.8972,0.55,62.2111,-7116.530000000001,-0.184347449769916,18.3,35.57
255,600459.SH,20190403,16.88,31796.9732,0.87,61.9177,-3438.38,-0.1081354498232555,18.3,35.57
256,600459.SH,20190402,16.92,52750.5838,0.85,62.0644,-1399.29,-0.026526531067510194,18.3,35.57
257,600459.SH,20190326,15.9,39431.884000000005,0.67,58.3229,-2969.01,-0.07529465241883954,18.3,35.57
258,600459.SH,20190322,16.9,40514.2021,0.62,61.991,1090.6399999999994,0.02691994272299884,18.3,35.57
259,600459.SH,20190308,15.5,39112.7485,0.53,56.8557,-4238.750000000001,-0.10837259365702721,18.3,35.57
260,600459.SH,20190307,16.580000000000002,58889.4501,0.69,60.8172,368.5400000000009,0.006258166774764991,18.3,35.57
261,600459.SH,20190306,15.62,34708.2354,0.73,57.2959,-3841.49,-0.11067949596769186,18.3,35.57
262,600459.SH,20190305,15.68,37082.3529,0.86,57.5159,-2697.3800000000015,-0.07274026023305553,18.3,35.57
263,600459.SH,20190304,15.63,66815.8322,0.69,57.3325,-1725.2100000000028,-0.025820377344637827,18.3,35.57
264,600459.SH,20190301,14.89,7040.015799999999,0.67,54.6181,1387.9699999999996,0.19715438706827898,18.3,35.57
265,600459.SH,20190220,14.490000000000002,52544.016599999995,0.7,41.1977,-2140.9199999999983,-0.04074526727368609,18.3,35.57
266,600459.SH,20190219,14.14,34706.2906,0.73,40.2026,1034.9599999999991,0.02982053057551472,18.3,35.57
267,600459.SH,20190218,14.42,49541.3139,0.87,40.9987,-4917.840000000002,-0.0992674520083732,18.3,35.57
268,600459.SH,20190215,14.39,18634.033300000003,0.98,40.9134,-1756.9,-0.0942844724872312,18.3,35.57
269,600459.SH,20190214,14.77,17798.6457,0.84,41.9938,-1876.5500000000004,-0.10543217903371155,18.3,35.57
270,600459.SH,20190213,14.840000000000002,30303.8488,0.74,42.1928,1306.03,0.04309782591048303,18.3,35.57
271,600459.SH,20190212,14.6,18011.5791,0.62,41.5104,-1436.03,-0.07972815665007407,18.3,35.57
272,600459.SH,20190211,14.58,22005.026,0.68,41.4536,476.37000000000063,0.0216482361802254,18.3,35.57
273,600459.SH,20190201,14.04,17702.0538,1.08,39.9183,139.4400000000004,0.007877052096633013,18.3,35.57
274,600459.SH,20190131,13.83,22689.9055,1.28,39.3212,-111.01999999999995,-0.004892924741356898,18.3,35.57
275,600459.SH,20190130,13.3,14617.8467,1.2,37.8143,-2782.71,-0.19036387896994433,18.3,35.57
276,600459.SH,20190129,13.86,17744.9893,1.17,39.4065,-1311.03,-0.07388170135442121,18.3,35.57
277,600459.SH,20190128,13.87,17178.584899999998,1.08,39.4349,-1597.4299999999998,-0.09298961522727056,18.3,35.57
278,600459.SH,20190125,14.12,23263.1532,1.01,40.1457,-132.04999999999995,-0.005676358611609021,18.3,35.57
279,600459.SH,20190124,14.09,23302.7552,0.82,40.0604,-4407.429999999999,-0.18913772050439767,18.3,35.57
280,600459.SH,20190123,14.53,32868.8494,0.6,41.3114,-359.38000000000125,-0.01093375662854816,18.3,35.57
281,600459.SH,20190122,14.33,29409.572600000003,0.61,40.7428,-4367.04,-0.14849042722912606,18.3,35.57
282,600459.SH,20190121,14.83,39800.4786,0.68,42.1644,1097.4200000000005,0.027573035264957857,18.3,35.57
283,600459.SH,20190118,13.86,34009.2053,0.63,39.4065,-557.0199999999998,-0.01637850679210078,18.3,35.57
284,600459.SH,20190117,13.65,27065.4706,0.73,38.8094,-816.4600000000007,-0.030166111355181855,18.3,35.57
285,600459.SH,20190116,13.38,22838.964,0.79,38.0418,-455.79000000000053,-0.019956684550139863,18.3,35.57
286,600459.SH,20190115,13.52,25400.9682,0.82,38.4398,-2726.7700000000004,-0.10734905766308547,18.3,35.57
287,600459.SH,20190114,13.829999999999998,44966.929,0.6,39.3212,-1002.9799999999977,-0.022304836516631985,18.3,35.57
288,600459.SH,20190111,13.29,35243.181800000006,0.78,37.7859,4694.04,0.13319001748020376,18.3,35.57
289,600459.SH,20190110,12.33,12943.172,0.68,35.0564,-84.52999999999997,-0.006530856578279264,18.3,35.57
290,600459.SH,20190109,12.33,19793.56,0.65,35.0564,2683.63,0.13558096673867662,18.3,35.57
291,600459.SH,20190108,12.05,9513.3668,0.78,34.2603,-1107.2999999999997,-0.1163941245280272,18.3,35.57
292,600459.SH,20190107,12.24,12884.1792,0.8,34.8005,-187.92000000000004,-0.014585329580017022,18.3,35.57
293,600459.SH,20190104,11.98,12198.0886,0.65,34.0613,402.65999999999997,0.03301008979390427,18.3,35.57
294,600459.SH,20190103,11.71,10907.2052,0.58,33.2936,412.9100000000002,0.03785662710370574,18.3,35.57
295,600459.SH,20190102,11.33,6536.8351,0.48,32.2132,-121.41999999999999,-0.018574738102235436,18.3,35.57
296,600459.SH,20181228,11.08,4500.495,0.35,31.5024,-385.2700000000001,-0.08560613888027875,18.3,35.57
297,600459.SH,20181227,11.14,6375.4756,0.34,31.673,304.90999999999997,0.04782545164159988,18.3,35.57
298,600459.SH,20181224,11.74,9663.0883,0.34,33.3789,-1414.4599999999998,-0.14637763374262036,18.3,35.57
299,600459.SH,20181221,11.89,14387.4698,0.34,33.8054,-2677.3100000000004,-0.18608622900463015,18.3,35.57
300,600459.SH,20181220,12.37,14698.1022,0.4,35.1701,1010.8499999999997,0.06877418501008924,18.3,35.57
301,600459.SH,20181219,11.93,9419.134,0.43,33.9191,-1940.6299999999997,-0.2060306181014093,18.3,35.57
302,600459.SH,20181218,11.99,12303.7976,0.37,34.0897,93.50999999999993,0.007600092511274725,18.3,35.57
303,600459.SH,20181217,11.88,8944.4724,0.48,33.777,-928.78,-0.10383843322049939,18.3,35.57
304,600459.SH,20181214,11.7,15690.3078,0.48,33.2652,-3963.8700000000003,-0.25263175525466747,18.3,35.57
305,600459.SH,20181213,12.33,14584.5859,0.45,35.0564,-1727.5600000000004,-0.11845108334546546,18.3,35.57
306,600459.SH,20181212,12.36,11775.5296,0.58,35.1417,-800.8899999999999,-0.06801307688106019,18.3,35.57
307,600459.SH,20181211,12.5,16242.160999999998,0.58,35.5398,-847.6099999999999,-0.05218578980961954,18.3,35.57
308,600459.SH,20181210,12.19,17993.273999999998,0.73,34.6584,-627.1799999999996,-0.03485635799243649,18.3,35.57
309,600459.SH,20181207,12.2,22976.961900000002,0.97,34.6868,-5123.209999999999,-0.2229716018286995,18.3,35.57
310,600459.SH,20181206,12.69,30942.5609,0.93,36.08,-2578.169999999999,-0.08332115781664338,18.3,35.57
311,600459.SH,20181205,12.989999999999998,49374.077399999995,0.86,36.9329,9231.02,0.18696086055878386,18.3,35.57
312,600459.SH,20181204,11.81,19882.8378,1.01,33.578,-1709.54,-0.085980684306543,18.3,35.57
313,600459.SH,20181203,11.72,14620.757800000001,1.29,33.3221,936.3600000000006,0.06404319207038643,18.3,35.57
314,600459.SH,20181130,10.98,4986.3286,1.28,31.2181,-206.21999999999997,-0.041357081841738225,18.3,35.57
315,600459.SH,20181129,11.06,8458.2686,1.25,31.4456,720.7100000000002,0.08520774570814649,18.3,35.57
316,600459.SH,20181128,11.03,6367.3756,1.29,31.3603,-636.13,-0.09990458235257867,18.3,35.57
317,600459.SH,20181127,11.2,4012.6413000000002,1.23,31.8436,-38.61000000000004,-0.009622091065054841,18.3,35.57
318,600459.SH,20181126,10.97,3575.3595,1.22,31.1897,-499.69000000000005,-0.13975937244912018,18.3,35.57
319,600459.SH,20181123,11.01,7859.795,1.17,31.3034,49.140000000000015,0.006252071459879044,18.3,35.57
320,600459.SH,20181122,11.26,6277.8373,1.1,32.0142,-723.71,-0.11528014591904126,18.3,35.57
321,600459.SH,20181121,11.54,6380.858,1.06,32.8103,-171.52999999999997,-0.02688196477652378,18.3,35.57
322,600459.SH,20181120,11.38,8922.2416,1.03,32.3554,-685.7499999999999,-0.0768584881180532,18.3,35.57
323,600459.SH,20181119,11.78,14891.906899999998,0.87,33.4927,353.6899999999998,0.0237504842311363,18.3,35.57
324,600459.SH,20181116,11.52,8100.090300000001,1.09,32.7534,-141.72000000000014,-0.017496101247167592,18.3,35.57
325,600459.SH,20181115,11.41,7514.688499999999,0.97,32.4407,-471.84000000000003,-0.06278902977814717,18.3,35.57
326,600459.SH,20181114,11.19,11195.644,0.94,31.8152,351.2600000000002,0.03137470251822943,18.3,35.57
327,600459.SH,20181113,11.19,6829.212399999999,1.01,31.8152,-601.3399999999999,-0.08805407780258818,18.3,35.57
328,600459.SH,20181112,11.160000000000002,8015.707899999999,0.92,31.7299,301.9200000000001,0.03766604319501215,18.3,35.57
329,600459.SH,20181109,10.55,4218.2905,0.7,29.9956,-956.0799999999999,-0.22665105686770504,18.3,35.57
330,600459.SH,20181108,10.74,5291.4029,0.59,30.5358,-127.6400000000001,-0.024122147266465024,18.3,35.57
331,600459.SH,20181107,10.81,8662.4617,0.5,30.7348,136.60999999999984,0.015770343896585406,18.3,35.57
332,600459.SH,20181106,10.73,4024.8034,0.47,30.5073,-189.51999999999998,-0.047088014286610864,18.3,35.57
333,600459.SH,20181105,10.73,5985.9421,0.4,30.5073,-462.2599999999999,-0.07722426850737495,18.3,35.57
334,600459.SH,20181102,10.85,8386.7012,0.42,30.8485,899.1100000000001,0.1072066332827024,18.3,35.57
335,600459.SH,20181101,10.64,6887.3405,0.44,30.2514,-962.3799999999999,-0.13973172954059696,18.3,35.57
336,600459.SH,20181031,10.63,7439.6799,0.44,30.223,728.3700000000002,0.09790340576346573,18.3,35.57
337,600459.SH,20181030,10.3,4448.582899999999,0.37,29.2848,-27.270000000000095,-0.006130041996070277,18.2,23.65
338,600459.SH,20181029,10.18,3205.949,0.41,28.9436,-307.68000000000006,-0.09597158282929642,18.2,23.65
339,600459.SH,20181026,10.32,5472.0542000000005,0.4,29.3416,-13.729999999999905,-0.002509112574213885,18.2,23.65
340,600459.SH,20181025,10.5,8754.4173,0.44,29.8534,115.53,0.013196766391293685,18.2,23.65
341,600459.SH,20181024,10.28,8342.0709,0.42,29.2279,-238.79000000000002,-0.028624786682165455,18.2,23.65
342,600459.SH,20181023,9.97,5515.0296,0.43,28.3465,66.25000000000006,0.012012628182448932,18.2,23.65
343,600459.SH,20181022,9.95,5672.9375,0.44,28.2896,-372.77000000000004,-0.06571022508180287,18.2,23.65
344,600459.SH,20181019,9.4,3893.5494,0.37,26.7259,-145.69999999999996,-0.03742086847543272,18.2,23.65
345,600459.SH,20181018,9.18,4005.9809999999998,0.36,26.1004,-526.18,-0.13134860100434825,18.2,23.65
346,600459.SH,20181016,10.1,4036.1495000000004,0.32,28.7161,-545.8199999999999,-0.13523285002203211,18.2,23.65
347,600459.SH,20181015,10.35,4674.1783000000005,0.32,29.4269,-320.49,-0.0685660621889413,18.2,23.65
348,600459.SH,20181012,10.76,8288.396400000001,0.32,30.5926,-519.28,-0.0626514436495822,18.2,23.65
349,600459.SH,20181011,10.88,12850.1928,0.31,30.9338,-1988.75,-0.15476421489956166,18.2,23.65
350,600459.SH,20181010,11.98,9518.7249,0.33,34.0613,907.0400000000001,0.09529007398879656,18.2,23.65
351,600459.SH,20181009,11.5,3766.7882,0.34,32.6966,-334.76,-0.08887146880198891,18.2,23.65
352,600459.SH,20181008,11.28,5271.7896,0.34,32.0711,-507.6999999999999,-0.09630505739455153,18.2,23.65
353,600459.SH,20180928,11.84,5263.2991999999995,0.3,33.6633,-90.84000000000003,-0.017259136626699853,18.2,23.65
354,600459.SH,20180927,11.91,8034.671,0.32,33.8623,254.6400000000001,0.03169264802504049,18.2,23.65
355,600459.SH,20180926,11.71,6842.5796,0.31,33.2936,-720.75,-0.10533308227791753,18.2,23.65
356,600459.SH,20180921,11.97,9891.8382,0.3,34.0329,-598.04,-0.0604579237860967,18.2,23.65
357,600459.SH,20180920,11.94,13819.459200000001,0.3,33.9476,215.64000000000004,0.015604083841428472,18.2,23.65
358,600459.SH,20180919,11.31,4555.3915,0.42,32.1564,-730.3400000000001,-0.16032431021570817,18.2,23.65
359,600459.SH,20180918,11.27,3140.4161,0.4,32.0426,-84.29000000000008,-0.02684039226521609,18.2,23.65
360,600459.SH,20180917,11.0,3657.3808,0.36,31.275,-155.68000000000006,-0.04256598055089043,18.2,23.65
361,600459.SH,20180914,11.35,4822.6604,0.34,32.2701,-497.97,-0.10325628567999523,18.2,23.65
362,600459.SH,20180913,11.59,3959.2114,0.36,32.9525,76.57000000000005,0.019339709923041758,18.2,23.65
363,600459.SH,20180912,11.44,3921.4125999999997,0.37,32.526,-169.79000000000002,-0.0432981727043974,18.2,23.65
364,600459.SH,20180911,11.35,3242.8401000000003,0.36,32.2701,-346.84,-0.10695562818530582,18.2,23.65
365,600459.SH,20180910,11.16,4848.7694,0.35,31.7299,-441.93999999999994,-0.09114477582703767,18.2,23.65
366,600459.SH,20180907,11.59,6132.7708,0.33,32.9525,-555.7799999999999,-0.090624616201212,18.2,23.65
367,600459.SH,20180906,11.71,5618.0623,0.34,33.2936,-1061.6399999999999,-0.1889690685701367,18.2,23.65
368,600459.SH,20180905,11.87,7089.0675,0.34,33.7486,-1132.3200000000002,-0.15972763695648265,18.2,23.65
369,600459.SH,20180904,12.17,11045.8794,0.32,34.6015,550.6999999999998,0.04985569550940415,18.2,23.65
370,600459.SH,20180903,12.22,9934.195,0.34,34.7437,562.36,0.05660851231529077,18.2,23.65
371,600459.SH,20180831,11.89,7328.466899999999,0.34,33.8054,222.57999999999993,0.03037197316126241,18.2,23.65
372,600459.SH,20180830,11.79,9139.3372,0.31,33.5211,-588.5799999999997,-0.06440073137907634,18.2,23.65
373,600459.SH,20180829,11.95,9000.2302,0.31,33.976,27.99999999999973,0.0031110315378377468,18.2,23.65
374,600459.SH,20180828,12.1,15919.935300000001,0.31,34.4025,-965.1199999999997,-0.06062336195549737,18.2,23.65
375,600459.SH,20180827,11.82,14202.5538,0.3,33.6064,672.44,0.04734641455820432,18.2,23.65
376,600459.SH,20180824,11.13,6558.082399999999,0.29,31.6446,175.12000000000012,0.02670292767288196,18.2,23.65
377,600459.SH,20180823,10.92,3077.0185,0.3,31.0475,-86.26999999999998,-0.028036880506243294,0.01,-29.36
378,600459.SH,20180822,10.83,2796.0832,0.29,30.7916,101.17000000000002,0.036182757365732184,0.01,-29.36
379,600459.SH,20180821,10.9,2827.7649,0.29,30.9907,447.51000000000005,0.15825573052413233,0.01,-29.36
380,600459.SH,20180820,10.75,2270.0145,0.31,30.5642,-38.06999999999999,-0.016770817983761774,0.01,-29.36
381,600459.SH,20180817,10.6,3130.4356,0.3,30.1377,11.669999999999959,0.003727915693266445,0.01,-29.36
382,600459.SH,20180816,10.71,3245.2605,0.31,30.4505,-111.84000000000003,-0.03446256471552901,0.01,-29.36
383,600459.SH,20180815,10.82,4614.8182,0.29,30.7632,-767.0,-0.16620373040914158,0.01,-29.36
384,600459.SH,20180814,11.16,8430.8034,0.31,31.7299,-1677.57,-0.1989810366115286,0.01,-29.36
385,600459.SH,20180813,11.47,10316.8999,0.31,32.6113,1433.8500000000004,0.1389807029144482,0.01,-29.36
386,600459.SH,20180810,10.69,2574.5041,0.32,30.3936,-426.03,-0.16548041232484342,0.01,-29.36
387,600459.SH,20180809,10.78,3888.8975,0.31,30.6495,577.3199999999999,0.14845338556750337,0.01,-29.36
388,600459.SH,20180808,10.46,3083.1095,0.33,29.7397,-88.73000000000003,-0.028779386525194784,0.01,-29.36
389,600459.SH,20180807,10.51,3294.2300000000005,0.31,29.8818,-117.19000000000005,-0.03557432237579041,0.01,-29.36
390,600459.SH,20180806,10.19,2852.6526000000003,0.31,28.972,65.63,0.02300665703212511,0.01,-29.36
391,600459.SH,20180803,10.28,2459.1234,0.32,29.2279,-194.23999999999995,-0.07898749611345245,0.01,-29.36
392,600459.SH,20180802,10.44,4201.6588,0.31,29.6828,-406.87000000000006,-0.09683556408721242,0.01,-29.36
393,600459.SH,20180801,10.81,3315.5208,0.34,30.7348,-239.93,-0.07236570495953457,0.01,-29.36
394,600459.SH,20180731,11.14,3647.2521,0.36,31.673,-348.83000000000004,-0.09564186692770703,0.01,-29.36
395,600459.SH,20180730,11.13,7342.8825,0.35,31.6446,-1060.95,-0.14448685512807813,0.01,-29.36
396,600459.SH,20180727,11.31,8224.304399999999,0.33,32.1564,460.74,0.05602175911679534,0.01,-29.36
397,600459.SH,20180726,11.11,4000.1597,0.39,31.5877,-555.0600000000001,-0.13875946002855838,0.01,-29.36
398,600459.SH,20180725,11.22,4822.9742,0.34,31.9005,-43.99000000000001,-0.009120927912075501,0.01,-29.36
399,600459.SH,20180724,11.24,6981.614500000001,0.33,31.9574,331.55000000000007,0.04748901561379535,0.01,-29.36
400,600459.SH,20180723,10.95,4688.1864000000005,0.33,31.1328,213.40999999999997,0.04552080096473979,0.01,-29.36
401,600459.SH,20180720,10.69,2127.8427,0.31,30.3936,77.51999999999998,0.03643126439750456,0.01,-29.36
402,600459.SH,20180719,10.57,2101.0369,0.3,30.0524,-209.00000000000003,-0.09947469271006142,0.01,-29.36
403,600459.SH,20180718,10.72,2557.401,0.3,30.4789,-466.26,-0.18231790790728558,0.01,-29.36
404,600459.SH,20180717,10.87,2451.8903999999998,0.3,30.9054,115.81,0.04723294320170266,0.01,-29.36
405,600459.SH,20180716,10.96,3889.3527000000004,0.3,31.1613,174.01999999999998,0.04474266373425068,0.01,-29.36
406,600459.SH,20180713,10.87,5218.5044,0.3,30.9054,-92.82000000000005,-0.017786705324996956,0.01,-29.36
407,600459.SH,20180712,10.66,3772.0226000000002,0.39,30.3083,335.77,0.08901590356325012,0.01,-29.36
408,600459.SH,20180711,10.42,4777.7745,0.38,29.6259,-664.98,-0.13918195595041163,0.01,-29.36
409,600459.SH,20180710,10.88,8641.394400000001,0.38,30.9338,831.6400000000001,0.09623909770858277,0.01,-29.36
410,600459.SH,20180709,10.41,3645.3116999999997,0.41,29.5975,297.07000000000005,0.08149371698447627,0.01,-29.36
411,600459.SH,20180706,10.06,3581.4491000000003,0.43,28.6024,-36.410000000000025,-0.010166275991469492,0.01,-29.36
412,600459.SH,20180705,9.81,3063.3741999999997,0.38,27.8916,-562.3900000000001,-0.18358514607846477,0.01,-29.36
413,600459.SH,20180704,10.44,2763.302,0.34,29.6828,-325.96,-0.11796032427870713,0.01,-29.36
414,600459.SH,20180703,10.739999999999998,3286.8516000000004,0.35,30.5358,-286.26,-0.08709246258638509,0.01,-29.36
415,600459.SH,20180629,10.8,2746.3941999999997,0.35,30.7064,185.22000000000003,0.0674411561166274,0.01,-29.36
416,600459.SH,20180628,10.51,2256.0359,0.35,29.8818,132.57999999999998,0.058766795333354396,0.01,-29.36
417,600459.SH,20180627,10.62,2186.8369,0.4,30.1946,9.449999999999989,0.0043213099248508155,0.01,-29.36
418,600459.SH,20180626,10.64,2180.6925,0.43,30.2514,-176.45000000000005,-0.08091466357590538,0.01,-29.36
419,600459.SH,20180625,10.53,2420.9449,0.4,29.9387,-130.51999999999998,-0.05391283378651038,0.01,-29.36
420,600459.SH,20180622,10.55,2643.1628,0.42,29.9956,144.45999999999998,0.054654219558477435,0.01,-29.36
421,600459.SH,20180621,10.41,3827.693,0.36,29.5975,-103.03999999999996,-0.026919609279009566,0.01,-29.36
422,600459.SH,20180620,10.67,3737.0194,0.37,30.3367,-189.62000000000006,-0.050740972872658906,0.01,-29.36
423,600459.SH,20180619,10.57,5754.2178,0.32,30.0524,-752.3199999999999,-0.13074235737131812,0.01,-29.36
424,600459.SH,20180615,11.74,6623.6974,0.35,33.3789,-1605.8500000000001,-0.24244012113234523,0.01,-29.36
425,600459.SH,20180614,12.59,1746.529,0.31,35.7956,72.44,0.0414765514915584,0.01,-29.36
426,600459.SH,20180613,12.5,3201.5877,0.31,35.5398,-325.55000000000007,-0.10168392388563964,0.01,-29.36
427,600459.SH,20180612,12.98,2502.3079000000002,0.32,36.9045,-464.5,-0.18562863506924945,0.01,-29.36
428,600459.SH,20180611,12.97,2154.5333,0.32,36.8761,19.829999999999984,0.009203849390492123,0.01,-29.36
429,600459.SH,20180608,13.04,4632.8330000000005,0.31,37.0751,-1205.9299999999998,-0.2603007706083944,0.01,-29.36
430,600459.SH,20180607,13.38,3225.8216,0.31,38.0418,-339.43999999999994,-0.10522590585914605,0.01,-29.36
431,600459.SH,20180606,13.69,3556.0821000000005,0.33,38.9231,-18.52000000000004,-0.005207978747172355,0.01,-29.36
432,600459.SH,20180605,13.52,3450.9701999999997,0.33,38.4398,-506.43999999999994,-0.14675293342144768,0.01,-29.36
433,600459.SH,20180604,13.37,5368.2519999999995,0.42,38.0133,-891.88,-0.16613974157696026,0.01,-29.36
434,600459.SH,20180601,13.9,7012.7947,0.43,39.5202,-312.23999999999984,-0.044524332075484806,0.01,-29.36
435,600459.SH,20180531,18.07,4069.9442000000004,0.33,39.5202,-613.79,-0.15081042143034784,0.01,-29.36
436,600459.SH,20180530,17.78,5765.2679,0.33,38.886,-935.7300000000001,-0.16230468665645184,0.01,-29.36
437,600459.SH,20180529,18.28,3451.5833,0.35,39.9795,-190.17999999999995,-0.05509935107172409,0.01,-29.36
438,600459.SH,20180528,18.45,4193.7536,0.37,40.3513,-198.18000000000006,-0.047255995202007114,0.01,-29.36
439,600459.SH,20180525,18.52,7229.3913,0.37,40.5044,-834.2,-0.11539007440363618,0.01,-29.36
440,600459.SH,20180524,18.87,5242.2173,0.36,41.2699,438.2100000000001,0.0835924905287692,0.01,-29.36
441,600459.SH,20180523,18.78,5587.5375,0.36,41.073,-732.9199999999998,-0.1311704843144229,0.01,-29.36
442,600459.SH,20180521,19.2,11701.6564,0.36,41.9916,1268.75,0.10842482095098947,0.01,-29.36
443,600459.SH,20180518,18.67,5768.1303,0.36,40.8325,319.8700000000002,0.05545471120858698,0.01,-29.36
444,600459.SH,20180517,18.3,4731.8216999999995,0.36,40.0232,-735.96,-0.15553417830600003,0.01,-29.36
445,600459.SH,20180516,18.49,7635.933800000001,0.36,40.4388,-1009.2099999999999,-0.13216589174725427,0.01,-29.36
446,600459.SH,20180515,19.13,8642.915700000001,0.39,41.8385,-758.2399999999998,-0.08772965354735551,0.01,-29.36
447,600459.SH,20180514,18.93,11585.485,0.36,41.4011,345.15999999999985,0.029792451502893478,0.01,-29.36
448,600459.SH,20180511,18.95,9729.6172,0.38,41.4448,-306.2900000000003,-0.031480169641206465,0.01,-29.36
449,600459.SH,20180510,18.89,9268.6102,0.36,41.3136,261.6099999999999,0.028225375148476943,0.01,-29.36
450,600459.SH,20180509,18.44,5307.0363,0.36,40.3294,-1057.3600000000001,-0.1992373784969212,0.01,-29.36
451,600459.SH,20180508,18.65,7514.0424,0.36,40.7887,-304.91999999999996,-0.040580021214679324,0.01,-29.36
452,600459.SH,20180507,18.54,5966.3448,0.36,40.5481,-673.32,-0.11285301513248112,0.01,-29.36
453,600459.SH,20180504,18.28,4665.1837,0.36,39.9795,-823.32,-0.17648179641886344,0.01,-29.36
454,600459.SH,20180503,18.42,4143.1733,0.36,40.2857,-151.80000000000007,-0.036638583281080724,0.01,-29.36
455,600459.SH,20180502,18.43,4450.181,0.36,40.3076,-156.96,-0.03527047551549027,0.01,-29.36
456,600459.SH,20180427,18.22,10587.5498,0.37,39.8483,-1480.12,-0.13979816179943727,43.33,43.73
457,600459.SH,20180426,18.72,9755.9337,0.36,40.9418,-1924.9500000000003,-0.19731068898100448,43.33,43.73
458,600459.SH,20180425,19.39,9399.625199999999,0.38,42.4071,-520.8099999999998,-0.05540752837676974,43.33,43.73
459,600459.SH,20180424,19.51,13946.7851,0.4,42.6696,-353.46000000000004,-0.025343475034974194,43.33,43.73
460,600459.SH,20180423,19.37,16347.800599999999,0.39,42.3634,-1327.3300000000002,-0.0811931850942689,43.33,43.73
461,600459.SH,20180420,19.83,27979.631400000002,0.41,43.3694,-3137.1299999999997,-0.11212192023373115,43.33,43.73
462,600459.SH,20180419,20.17,22398.928,0.4,44.113,5102.92,0.2278198313776445,43.33,43.73
463,600459.SH,20180418,18.34,5289.6127,0.4,40.1107,-368.1500000000001,-0.06959866834862978,43.33,43.73
464,600459.SH,20180417,18.04,5383.3755,0.39,39.4546,-335.3100000000002,-0.0622861994300788,43.33,43.73
465,600459.SH,20180416,18.36,5462.135899999999,0.4,40.1545,-209.15,-0.03829088177758449,43.33,43.73
466,600459.SH,20180413,18.71,5755.9911,0.41,40.9199,-904.8899999999999,-0.15720837372385787,43.33,43.73
467,600459.SH,20180412,18.78,8106.842900000001,0.39,41.073,-576.9100000000001,-0.07116333782661559,43.33,43.73
468,600459.SH,20180411,19.17,12375.704399999999,0.38,41.926,498.74999999999966,0.04030073633626864,43.33,43.73
469,600459.SH,20180410,18.47,6165.551,0.37,40.395,-359.72999999999996,-0.058345150336117556,43.33,43.73
470,600459.SH,20180409,18.43,5651.7333,0.35,40.3076,225.95999999999998,0.03998065513813258,43.33,43.73
471,600459.SH,20180404,17.99,4574.5584,0.32,39.3452,-458.14000000000004,-0.10014955760538548,43.33,43.73
472,600459.SH,20180403,18.06,4818.5536,0.33,39.4983,-478.22,-0.09924554953586072,43.33,43.73
473,600459.SH,20180329,18.37,5572.5334,0.33,40.1763,388.32000000000005,0.06968464289509688,43.33,43.73
474,600459.SH,20180328,18.14,5538.603300000001,0.33,39.6733,121.61999999999992,0.021958604617882616,43.33,43.73
475,600459.SH,20180327,18.11,6791.056200000001,0.42,39.6077,100.52000000000001,0.014801821254254971,43.33,43.73
476,600459.SH,20180326,17.63,5538.2716,0.42,38.5579,-112.29000000000019,-0.020275278662751063,43.33,43.73
477,600459.SH,20180323,17.29,11432.8471,0.41,37.8143,-1692.98,-0.14808034999435965,43.33,43.73
478,600459.SH,20180322,18.48,13859.315400000001,0.41,40.4169,-3753.7700000000004,-0.2708481545921092,50.37,55.62
479,600459.SH,20180321,19.49,5518.3616999999995,0.4,61.2674,-206.37,-0.03739696874164664,50.37,55.62
480,600459.SH,20180320,19.44,3500.6609,0.42,61.1102,-414.60999999999996,-0.11843763559046806,50.37,55.62
481,600459.SH,20180319,19.43,4954.549,0.42,61.0788,-862.56,-0.17409455431765836,50.37,55.62
482,600459.SH,20180316,19.62,5539.0988,0.42,61.6761,-665.3300000000002,-0.12011520718857735,50.37,55.62
483,600459.SH,20180315,19.93,10736.2151,0.42,62.6506,-740.5600000000004,-0.06897775362194451,50.37,55.62
484,600459.SH,20180314,19.99,13743.5451,0.42,62.8392,-4993.13,-0.36330728088490066,50.37,55.62
485,600459.SH,20180313,20.49,18932.639600000002,0.42,64.4109,4081.71,0.2155911740906957,50.37,55.62
486,600459.SH,20180312,19.87,10455.4822,0.45,62.4619,-715.8099999999997,-0.06846264823634816,50.37,55.62
487,600459.SH,20180309,19.44,5931.789699999999,0.42,61.1102,-665.6599999999999,-0.11221908288488379,50.37,55.62
488,600459.SH,20180308,19.3,4294.085,0.42,60.6701,-196.70000000000005,-0.04580719757526925,50.37,55.62
489,600459.SH,20180307,19.32,5402.3652,0.42,60.733,113.88000000000002,0.021079655999561086,50.37,55.62
490,600459.SH,20180306,19.56,7478.1879,0.44,61.4875,-580.6099999999999,-0.07764046688369516,50.37,55.62
491,600459.SH,20180305,19.23,6393.1913,0.45,60.4501,-1548.6399999999999,-0.2422327015304547,50.37,55.62
492,600459.SH,20180302,19.41,6881.5026,0.46,61.0159,-933.05,-0.13558811995508074,50.37,55.62
493,600459.SH,20180301,19.8,15445.123199999998,0.43,62.2419,1681.5199999999998,0.10887061101590953,50.37,55.62
494,600459.SH,20180228,18.77,5519.5049,0.46,59.0041,66.62000000000003,0.012069923155607678,50.37,55.62
495,600459.SH,20180227,18.54,5165.7099,0.45,58.2811,-591.2099999999999,-0.114448935663228,50.37,55.62
496,600459.SH,20180226,18.81,6553.878599999999,0.45,59.1298,289.89,0.044231823274846746,50.37,55.62
497,600459.SH,20180223,18.44,5749.4222,0.48,57.9667,-22.47999999999996,-0.003909958117182621,50.37,55.62
498,600459.SH,20180222,18.4,5450.1483,0.47,57.841,334.7900000000001,0.06142768628882999,50.37,55.62
499,600459.SH,20180214,17.84,2874.4319,0.46,56.0806,-82.63000000000005,-0.028746549883474384,50.37,55.62
500,600459.SH,20180213,17.68,3464.8133000000003,0.45,55.5776,-19.370000000000005,-0.0055904888150827645,50.37,55.62
501,600459.SH,20180212,17.54,3680.6928,0.47,55.1375,-268.55999999999995,-0.07296452450473453,50.37,55.62
502,600459.SH,20180209,17.08,6974.604399999999,0.42,53.6915,-1037.8799999999999,-0.14880843994535375,50.37,55.62
503,600459.SH,20180208,18.26,3420.0364999999997,0.45,57.4009,-252.12000000000006,-0.0737185114837225,50.37,55.62
504,600459.SH,20180207,18.09,5416.1893,0.42,56.8665,127.13000000000002,0.023472222435061498,50.37,55.62
505,600459.SH,20180206,17.8,10123.5732,0.42,55.9548,-1468.75,-0.14508217315996685,50.37,55.62
506,600459.SH,20180205,19.03,5952.069799999999,0.42,59.8214,-662.8599999999999,-0.111366301517499,50.37,55.62
507,600459.SH,20180202,19.51,11800.6887,0.41,61.3303,-1237.4099999999999,-0.10485913419612533,50.37,55.62
508,600459.SH,20180201,19.33,17802.403899999998,0.41,60.7644,-5304.46,-0.2979631306983211,50.37,55.62
509,600459.SH,20180131,21.48,9854.1085,0.41,67.523,-2384.92,-0.24202290851577288,50.37,55.62
510,600459.SH,20180130,22.06,8755.5766,0.41,69.3463,-2112.68,-0.24129535912003783,50.37,55.62
511,600459.SH,20180129,22.41,8708.3761,0.4,70.4465,496.1399999999999,0.05697273456069495,50.37,55.62
512,600459.SH,20180126,22.34,12205.1075,0.39,70.2265,-1874.1400000000003,-0.15355374788792317,50.37,55.62
513,600459.SH,20180125,22.8,22532.3001,0.38,71.6725,1249.1899999999998,0.05543996815487114,50.37,55.62
514,600459.SH,20180124,22.67,12036.838,0.41,71.2638,-1776.6100000000001,-0.14759773289297407,50.37,55.62
515,600459.SH,20180123,22.64,17371.9231,0.39,71.1695,2333.9500000000003,0.13435184962337304,50.37,55.62
516,600459.SH,20180122,21.89,6284.9813,0.39,68.8119,-766.43,-0.1219462657748878,50.37,55.62
517,600459.SH,20180119,21.77,5099.4725,0.37,68.4347,225.73000000000002,0.04426536274095017,50.37,55.62
518,600459.SH,20180118,21.81,5588.0718,0.37,68.5604,189.70999999999998,0.03394909850657252,50.37,55.62
519,600459.SH,20180117,21.65,6843.774800000001,0.37,68.0574,-1228.1899999999996,-0.17946090219099545,50.37,55.62
520,600459.SH,20180116,21.8,10209.1015,0.37,68.529,-1591.2900000000002,-0.15586974034884463,50.37,55.62
521,600459.SH,20180115,22.0,16381.1875,0.36,69.1577,-1731.52,-0.10570173865600403,50.37,55.62
522,600459.SH,20180112,23.01,13540.3751,0.36,72.3326,762.2699999999998,0.05629607705624047,50.37,55.62
523,600459.SH,20180111,22.55,10813.0746,0.36,70.8866,-622.6100000000001,-0.05757936785158221,50.37,55.62
524,600459.SH,20180110,22.22,9764.4811,0.35,69.8492,-1556.27,-0.15938071711767662,50.37,55.62
525,600459.SH,20180109,22.71,8135.313800000001,0.35,71.3896,-216.28999999999974,-0.026586558959778506,50.37,55.62
526,600459.SH,20180108,22.81,11886.9254,0.35,71.7039,1215.3999999999996,0.10224679293436129,50.37,55.62
527,600459.SH,20180105,22.58,9448.0174,0.35,70.9809,-11.670000000000357,-0.0012351797743302586,50.37,55.62
528,600459.SH,20180104,22.84,12642.9715,0.34,71.7982,1471.3500000000004,0.11637691344950041,50.37,55.62
529,600459.SH,20180103,22.82,13510.7772,0.35,71.7354,388.4000000000001,0.028747420984782435,50.37,55.62
530,600459.SH,20180102,22.49,9321.892,0.34,70.698,-764.33,-0.08199301171908022,50.37,55.62
531,600459.SH,20171229,22.18,7805.8091,0.34,69.7235,-807.6099999999999,-0.10346268908882231,50.37,55.62
532,600459.SH,20171228,22.42,13923.3133,0.34,70.478,1517.6999999999998,0.10900422674536814,50.37,55.62
533,600459.SH,20171227,21.81,8867.3958,0.34,68.5604,448.6700000000001,0.05059771889284564,50.37,55.62
534,600459.SH,20171222,21.56,4651.9226,0.34,67.7745,-471.6899999999998,-0.10139678592244845,50.37,55.62
535,600459.SH,20171221,21.52,4212.6744,0.34,67.6488,85.67000000000007,0.020336250055309302,50.37,55.62
536,600459.SH,20171220,21.45,6589.3935,0.34,67.4287,-1137.49,-0.17262438493011534,50.37,55.62
537,600459.SH,20171219,21.9,5212.9943,0.34,68.8433,-599.72,-0.1150432871181156,50.37,55.62
538,600459.SH,20171218,22.02,6423.8745,0.34,69.2205,284.37999999999977,0.04426923346650059,50.37,55.62
539,600459.SH,20171215,21.87,5832.5226999999995,0.34,68.749,-336.0000000000001,-0.05760800553763814,50.37,55.62
540,600459.SH,20171214,21.71,6229.8837,0.34,68.246,-1140.9800000000002,-0.18314627606932699,50.37,55.62
541,600459.SH,20171213,21.95,6721.8868,0.34,69.0005,-1635.8400000000001,-0.24336024224626931,50.37,55.62
542,600459.SH,20171212,22.04,7298.9616,0.34,69.2834,338.34000000000003,0.04635453897990093,50.37,55.62
543,600459.SH,20171211,22.21,6231.2806,0.34,69.8178,-110.91999999999996,-0.017800514391857102,50.37,55.62
544,600459.SH,20171208,21.95,4777.4457,0.34,69.0005,7.2199999999998,0.0015112678308410285,50.37,55.62
545,600459.SH,20171207,21.76,4730.4317,0.34,68.4032,-393.19000000000005,-0.08311926372385844,50.37,55.62
546,600459.SH,20171206,22.15,6912.1517,0.34,69.6292,359.61000000000007,0.05202576789511145,50.37,55.62
547,600459.SH,20171205,21.69,18129.5421,0.34,68.1832,-4522.15,-0.2494354228615625,50.37,55.62
548,600459.SH,20171204,22.8,12928.672999999999,0.34,71.6725,-361.91999999999973,-0.027993592227137293,50.37,55.62
549,600459.SH,20171201,23.37,8567.1674,0.34,73.4643,-214.72000000000008,-0.025063126465814135,50.37,55.62
550,600459.SH,20171130,23.07,10210.4344,0.34,72.5212,-1305.4300000000003,-0.12785254268907503,50.37,55.62
551,600459.SH,20171129,23.47,18075.8838,0.34,73.7787,1399.47,0.0774219404973161,50.37,55.62
552,600459.SH,20171128,22.93,12602.3128,0.33,72.0812,-2176.5799999999995,-0.17271274206112386,50.37,55.62
553,600459.SH,20171127,22.86,13355.4554,0.33,71.8611,-1832.9800000000002,-0.1372457879646695,50.37,55.62
554,600459.SH,20171124,23.6,17515.5254,0.32,74.1873,975.0799999999999,0.05566946909854043,50.37,55.62
555,600459.SH,20171123,23.14,25588.062100000003,0.31,72.7413,1574.2199999999998,0.06152165778900465,50.37,55.62
556,600459.SH,20171122,22.6,10068.023799999999,0.32,71.0438,-133.32000000000028,-0.013241923405067864,50.37,55.62
557,600459.SH,20171121,22.32,10903.7409,0.32,70.1636,-908.9500000000003,-0.08336129850627688,50.37,55.62
558,600459.SH,20171120,22.56,12155.2531,0.32,70.918,-483.8899999999999,-0.03980912581738013,50.37,55.62
559,600459.SH,20171117,22.46,28312.5582,0.32,70.6037,-5584.68,-0.19725098525360385,50.37,55.62
560,600459.SH,20171116,24.15,22521.9198,0.28,75.9163,-5451.63,-0.24205884970782998,50.37,55.62
561,600459.SH,20171115,25.31,30359.6207,0.24,79.5628,-1225.1899999999994,-0.04035590602750842,50.37,55.62
562,600459.SH,20171114,25.27,43383.797600000005,0.23,79.437,3870.359999999999,0.08921210714849911,50.37,55.62
563,600459.SH,20171113,24.24,18691.3293,0.2,76.1992,-4161.200000000001,-0.22262729061223058,50.37,55.62
564,600459.SH,20171110,24.34,19484.2416,0.2,76.5135,-2053.9699999999993,-0.10541698476988702,50.37,55.62
565,600459.SH,20171109,24.68,36671.071899999995,0.22,77.5823,3430.6500000000005,0.09355194223270034,50.37,55.62
566,600459.SH,20171108,23.92,15473.9858,0.19,75.1932,-957.3400000000004,-0.06186770573358032,50.37,55.62
567,600459.SH,20171107,24.16,20295.047700000003,0.19,75.9477,-3257.7599999999993,-0.16051994792798632,50.37,55.62
568,600459.SH,20171106,24.49,20399.5861,0.2,76.9851,464.1699999999996,0.022753893031192414,50.37,55.62
569,600459.SH,20171103,24.08,25894.4078,0.23,75.6962,-1658.4800000000002,-0.06404780571965814,50.37,55.62
570,600459.SH,20171102,24.41,45914.2812,0.23,76.7336,5889.590000000001,0.12827359693044701,50.37,55.62
571,600459.SH,20171101,22.99,20409.535,0.21,72.2698,523.1399999999996,0.025632137135902393,50.37,55.62
572,600459.SH,20171031,21.89,5496.544400000001,0.22,68.8119,-502.28000000000003,-0.09138105024676958,50.37,55.62
573,600459.SH,20171030,21.69,14563.753700000001,0.21,68.1832,-3178.1400000000003,-0.21822258639268255,50.37,55.62
574,600459.SH,20171027,22.86,9855.1769,0.2,71.8611,-1917.29,-0.19454648246851863,50.37,55.62
575,600459.SH,20171026,23.35,12270.0897,0.21,73.4014,-2278.17,-0.185668569317794,60.33,49.13
576,600459.SH,20171025,23.56,8544.829600000001,0.21,74.0616,418.0099999999998,0.04891964141683993,60.33,49.13
577,600459.SH,20171024,23.26,8340.1061,0.21,73.1185,-476.99000000000007,-0.05719231797302914,60.33,49.13
578,600459.SH,20171023,23.25,5871.3724,0.21,73.0871,111.20000000000002,0.018939353940485876,60.33,49.13
579,600459.SH,20171020,23.28,8749.6436,0.21,73.1814,-967.65,-0.11059307604254875,60.33,49.13
580,600459.SH,20171019,22.73,7667.765700000001,0.2,71.4524,-1373.3400000000001,-0.179105629166525,60.33,49.13
581,600459.SH,20171018,22.84,9566.3636,0.22,71.7982,-1578.1900000000003,-0.16497282206584749,60.33,49.13
582,600459.SH,20171017,23.19,9403.4362,0.21,72.8985,-1664.54,-0.17701401536599992,60.33,49.13
583,600459.SH,20171016,23.6,16304.6247,0.22,74.1873,-3253.9999999999995,-0.19957527755913324,60.33,49.13
584,600459.SH,20171013,24.41,8805.213099999999,0.21,76.7336,-814.53,-0.09250542726785341,60.33,49.13
585,600459.SH,20171012,24.3,13884.3283,0.21,76.3878,-2289.6100000000006,-0.1649060689525759,60.33,49.13
586,600459.SH,20171011,24.6,12824.1366,0.22,77.3308,-1198.3399999999997,-0.09344410757446234,60.33,49.13
587,600459.SH,20171010,24.55,17682.8837,0.21,77.1737,-2992.24,-0.16921674375995585,60.33,49.13
588,600459.SH,20171009,25.02,17159.4298,0.22,78.6511,-2100.81,-0.12242889329574341,60.33,49.13
